,anoReferencia,sigUF,ideCapacidadeInstaladaUF,nomUF,mdaPotenciaInstaladakW,mesReferencia,dthProcessamento,latitude,longitude,Estado
0,2006,AC,1,ACRE,141760.5,12,13/09/2017 00:00:00,9.974722222222223,67.81,Acre
1,2006,AL,29,ALAGOAS,7626936.5,12,13/09/2017 00:00:00,9.665833333333333,35.73527777777778,Alagoas
2,2006,AM,57,AMAZONAS,2105228.6,12,13/09/2017 00:00:00,3.1019444444444444,60.025,Amazonas
3,2006,AP,85,AMAPA,273950.0,12,13/09/2017 00:00:00,0.03888888888888889,51.06638888888889,Amapá
4,2006,BA,113,BAHIA,8899100.9,12,13/09/2017 00:00:00,12.971111111111112,38.51083333333333,Bahia
5,2006,CE,141,CEARA,703170.0,12,13/09/2017 00:00:00,3.7172222222222224,38.543055555555554,Ceará
6,2006,DF,169,DISTRITO FEDERAL,39700.0,12,13/09/2017 00:00:00,15.779722222222222,47.92972222222222,Distrito Federal
7,2006,ES,197,ESPIRITO SANTO,1165516.0,12,13/09/2017 00:00:00,20.319444444444443,40.33777777777778,Espírito Santo
8,2006,GO,225,GOIAS,8605256.4,12,13/09/2017 00:00:00,16.678611111111113,49.25388888888889,Goiás
9,2006,MA,253,MARANHAO,247612.0,12,13/09/2017 00:00:00,2.529722222222222,44.30277777777778,Maranhão
10,2006,MG,281,MINAS GERAIS,18031374.95,12,13/09/2017 00:00:00,19.920833333333334,43.937777777777775,Minas Gerais
11,2006,MS,309,MATO GROSSO DO SUL,7324683.0,12,13/09/2017 00:00:00,20.442777777777778,54.646388888888886,Mato Grosso do Sul
12,2006,MT,337,MATO GROSSO,1917727.2,12,13/09/2017 00:00:00,15.596111111111112,56.09666666666667,Mato Grosso
13,2006,PA,365,PARA,7524644.2,12,13/09/2017 00:00:00,1.4558333333333333,48.504444444444445,Pará
14,2006,PB,393,PARAIBA,50936.0,12,13/09/2017 00:00:00,7.114999999999999,34.863055555555555,Paraíba
15,2006,PE,421,PERNAMBUCO,2382832.7,12,13/09/2017 00:00:00,8.05388888888889,34.88111111111111,Pernambuco
16,2006,PI,448,PIAUI,290010.0,12,13/09/2017 00:00:00,5.089166666666666,42.801944444444445,Piauí
17,2006,PR,476,PARANA,17468332.0,12,13/09/2017 00:00:00,25.42777777777778,49.27305555555555,Paraná
18,2006,RJ,504,RIO DE JANEIRO,7404536.4,12,13/09/2017 00:00:00,22.902777777777775,43.2075,Rio de Janeiro
19,2006,RN,532,RIO GRANDE DO NORTE,88956.0,12,13/09/2017 00:00:00,5.795,35.20944444444445,Rio Grande do Norte
20,2006,RO,560,RONDONIA,888626.08,12,13/09/2017 00:00:00,8.761944444444444,63.903888888888886,Rondônia
21,2006,RR,584,RORAIMA,118030.4,12,13/09/2017 00:00:00,2.819722222222222,60.67333333333333,Roraima
22,2006,RS,612,RIO GRANDE DO SUL,6598474.6,12,13/09/2017 00:00:00,30.033055555555556,51.230000000000004,Rio Grande do Sul
23,2006,SC,640,SANTA CATARINA,5159682.6,12,13/09/2017 00:00:00,27.596666666666664,48.549166666666665,Santa Catarina
24,2006,SE,668,SERGIPE,3174374.4,12,13/09/2017 00:00:00,10.911111111111111,37.07166666666667,Sergipe
25,2006,SP,696,SAO PAULO,21404762.9,12,13/09/2017 00:00:00,23.547500000000003,46.63611111111111,São Paulo
26,2006,TO,724,TOCANTINS,1451910.0,12,13/09/2017 00:00:00,10.212777777777777,48.36027777777778,Tocantins
27,2007,AC,2,ACRE,141349.3,12,13/09/2017 00:00:00,9.974722222222223,67.81,Acre
28,2007,AL,30,ALAGOAS,7656836.5,12,13/09/2017 00:00:00,9.665833333333333,35.73527777777778,Alagoas
29,2007,AM,58,AMAZONAS,1904359.6,12,13/09/2017 00:00:00,3.1019444444444444,60.025,Amazonas
30,2007,AP,86,AMAPA,273956.0,12,13/09/2017 00:00:00,0.03888888888888889,51.06638888888889,Amapá
31,2007,BA,114,BAHIA,8915075.9,12,13/09/2017 00:00:00,12.971111111111112,38.51083333333333,Bahia
32,2007,CE,142,CEARA,730420.0,12,13/09/2017 00:00:00,3.7172222222222224,38.543055555555554,Ceará
33,2007,DF,170,DISTRITO FEDERAL,42120.0,12,13/09/2017 00:00:00,15.779722222222222,47.92972222222222,Distrito Federal
34,2007,ES,198,ESPIRITO SANTO,1390876.0,12,13/09/2017 00:00:00,20.319444444444443,40.33777777777778,Espírito Santo
35,2007,GO,226,GOIAS,8606664.4,12,13/09/2017 00:00:00,16.678611111111113,49.25388888888889,Goiás
36,2007,MA,254,MARANHAO,247080.8,12,13/09/2017 00:00:00,2.529722222222222,44.30277777777778,Maranhão
37,2007,MG,282,MINAS GERAIS,18207831.95,12,13/09/2017 00:00:00,19.920833333333334,43.937777777777775,Minas Gerais
38,2007,MS,310,MATO GROSSO DO SUL,7361447.0,12,13/09/2017 00:00:00,20.442777777777778,54.646388888888886,Mato Grosso do Sul
39,2007,MT,338,MATO GROSSO,1984299.42,12,13/09/2017 00:00:00,15.596111111111112,56.09666666666667,Mato Grosso
40,2007,PA,366,PARA,8861181.2,12,13/09/2017 00:00:00,1.4558333333333333,48.504444444444445,Pará
41,2007,PB,394,PARAIBA,61136.0,12,13/09/2017 00:00:00,7.114999999999999,34.863055555555555,Paraíba
42,2007,PE,422,PERNAMBUCO,2388832.7,12,13/09/2017 00:00:00,8.05388888888889,34.88111111111111,Pernambuco
43,2007,PI,449,PIAUI,290010.0,12,13/09/2017 00:00:00,5.089166666666666,42.801944444444445,Piauí
44,2007,PR,477,PARANA,17547298.0,12,13/09/2017 00:00:00,25.42777777777778,49.27305555555555,Paraná
45,2007,RJ,505,RIO DE JANEIRO,7672987.4,12,13/09/2017 00:00:00,22.902777777777775,43.2075,Rio de Janeiro
46,2007,RN,533,RIO GRANDE DO NORTE,88956.0,12,13/09/2017 00:00:00,5.795,35.20944444444445,Rio Grande do Norte
47,2007,RO,561,RONDONIA,896881.48,12,13/09/2017 00:00:00,8.761944444444444,63.903888888888886,Rondônia
48,2007,RR,585,RORAIMA,118102.4,12,13/09/2017 00:00:00,2.819722222222222,60.67333333333333,Roraima
49,2007,RS,613,RIO GRANDE DO SUL,6640554.6,12,13/09/2017 00:00:00,30.033055555555556,51.230000000000004,Rio Grande do Sul
50,2007,SC,641,SANTA CATARINA,5538453.6,12,13/09/2017 00:00:00,27.596666666666664,48.549166666666665,Santa Catarina
51,2007,SE,669,SERGIPE,3175004.4,12,13/09/2017 00:00:00,10.911111111111111,37.07166666666667,Sergipe
52,2007,SP,697,SAO PAULO,21618887.3,12,13/09/2017 00:00:00,23.547500000000003,46.63611111111111,São Paulo
53,2007,TO,725,TOCANTINS,1468447.0,12,13/09/2017 00:00:00,10.212777777777777,48.36027777777778,Tocantins
54,2008,AC,3,ACRE,141350.3,12,13/09/2017 00:00:00,9.974722222222223,67.81,Acre
55,2008,AL,31,ALAGOAS,7670436.5,12,13/09/2017 00:00:00,9.665833333333333,35.73527777777778,Alagoas
56,2008,AM,59,AMAZONAS,2044287.0,12,13/09/2017 00:00:00,3.1019444444444444,60.025,Amazonas
57,2008,AP,87,AMAPA,273993.0,12,13/09/2017 00:00:00,0.03888888888888889,51.06638888888889,Amapá
58,2008,BA,115,BAHIA,8948287.9,12,13/09/2017 00:00:00,12.971111111111112,38.51083333333333,Bahia
59,2008,CE,143,CEARA,730420.0,12,13/09/2017 00:00:00,3.7172222222222224,38.543055555555554,Ceará
60,2008,DF,171,DISTRITO FEDERAL,42120.0,12,13/09/2017 00:00:00,15.779722222222222,47.92972222222222,Distrito Federal
61,2008,ES,199,ESPIRITO SANTO,1410876.0,12,13/09/2017 00:00:00,20.319444444444443,40.33777777777778,Espírito Santo
62,2008,GO,227,GOIAS,8737405.6,12,13/09/2017 00:00:00,16.678611111111113,49.25388888888889,Goiás
63,2008,MA,255,MARANHAO,254280.8,12,13/09/2017 00:00:00,2.529722222222222,44.30277777777778,Maranhão
64,2008,MG,283,MINAS GERAIS,18403127.45,12,13/09/2017 00:00:00,19.920833333333334,43.937777777777775,Minas Gerais
65,2008,MS,311,MATO GROSSO DO SUL,7375947.0,12,13/09/2017 00:00:00,20.442777777777778,54.646388888888886,Mato Grosso do Sul
66,2008,MT,339,MATO GROSSO,2027430.62,12,13/09/2017 00:00:00,15.596111111111112,56.09666666666667,Mato Grosso
67,2008,PA,367,PARA,8753570.4,12,13/09/2017 00:00:00,1.4558333333333333,48.504444444444445,Pará
68,2008,PB,395,PARAIBA,61136.0,12,13/09/2017 00:00:00,7.114999999999999,34.863055555555555,Paraíba
69,2008,PE,423,PERNAMBUCO,2418564.7,12,13/09/2017 00:00:00,8.05388888888889,34.88111111111111,Pernambuco
70,2008,PI,450,PIAUI,290010.0,12,13/09/2017 00:00:00,5.089166666666666,42.801944444444445,Piauí
71,2008,PR,478,PARANA,17616126.0,12,13/09/2017 00:00:00,25.42777777777778,49.27305555555555,Paraná
72,2008,RJ,506,RIO DE JANEIRO,7763037.4,12,13/09/2017 00:00:00,22.902777777777775,43.2075,Rio de Janeiro
73,2008,RN,534,RIO GRANDE DO NORTE,147426.0,12,13/09/2017 00:00:00,5.795,35.20944444444445,Rio Grande do Norte
74,2008,RO,562,RONDONIA,902441.48,12,13/09/2017 00:00:00,8.761944444444444,63.903888888888886,Rondônia
75,2008,RR,586,RORAIMA,117278.4,12,13/09/2017 00:00:00,2.819722222222222,60.67333333333333,Roraima
76,2008,RS,614,RIO GRANDE DO SUL,6826128.6,12,13/09/2017 00:00:00,30.033055555555556,51.230000000000004,Rio Grande do Sul
77,2008,SC,642,SANTA CATARINA,5570153.6,12,13/09/2017 00:00:00,27.596666666666664,48.549166666666665,Santa Catarina
78,2008,SE,670,SERGIPE,3184804.4,12,13/09/2017 00:00:00,10.911111111111111,37.07166666666667,Sergipe
79,2008,SP,698,SAO PAULO,21802871.7,12,13/09/2017 00:00:00,23.547500000000003,46.63611111111111,São Paulo
80,2008,TO,726,TOCANTINS,1477747.0,12,13/09/2017 00:00:00,10.212777777777777,48.36027777777778,Tocantins
81,2009,AC,4,ACRE,142542.3,12,13/09/2017 00:00:00,9.974722222222223,67.81,Acre
82,2009,AL,32,ALAGOAS,7662276.5,12,13/09/2017 00:00:00,9.665833333333333,35.73527777777778,Alagoas
83,2009,AM,60,AMAZONAS,2129933.0,12,13/09/2017 00:00:00,3.1019444444444444,60.025,Amazonas
84,2009,AP,88,AMAPA,296249.0,12,13/09/2017 00:00:00,0.03888888888888889,51.06638888888889,Amapá
85,2009,BA,116,BAHIA,9089798.9,12,13/09/2017 00:00:00,12.971111111111112,38.51083333333333,Bahia
86,2009,CE,144,CEARA,834850.0,12,13/09/2017 00:00:00,3.7172222222222224,38.543055555555554,Ceará
87,2009,DF,172,DISTRITO FEDERAL,42120.0,12,13/09/2017 00:00:00,15.779722222222222,47.92972222222222,Distrito Federal
88,2009,ES,200,ESPIRITO SANTO,1524806.0,12,13/09/2017 00:00:00,20.319444444444443,40.33777777777778,Espírito Santo
89,2009,GO,228,GOIAS,8765159.6,12,13/09/2017 00:00:00,16.678611111111113,49.25388888888889,Goiás
90,2009,MA,256,MARANHAO,265184.8,12,13/09/2017 00:00:00,2.529722222222222,44.30277777777778,Maranhão
91,2009,MG,284,MINAS GERAIS,18403433.45,12,13/09/2017 00:00:00,19.920833333333334,43.937777777777775,Minas Gerais
92,2009,MS,312,MATO GROSSO DO SUL,7655701.0,12,13/09/2017 00:00:00,20.442777777777778,54.646388888888886,Mato Grosso do Sul
93,2009,MT,340,MATO GROSSO,2099130.62,12,13/09/2017 00:00:00,15.596111111111112,56.09666666666667,Mato Grosso
94,2009,PA,368,PARA,8716065.4,12,13/09/2017 00:00:00,1.4558333333333333,48.504444444444445,Pará
95,2009,PB,396,PARAIBA,115886.0,12,13/09/2017 00:00:00,7.114999999999999,34.863055555555555,Paraíba
96,2009,PE,424,PERNAMBUCO,2704028.7,12,13/09/2017 00:00:00,8.05388888888889,34.88111111111111,Pernambuco
97,2009,PI,451,PIAUI,316810.0,12,13/09/2017 00:00:00,5.089166666666666,42.801944444444445,Piauí
98,2009,PR,479,PARANA,17641764.0,12,13/09/2017 00:00:00,25.42777777777778,49.27305555555555,Paraná
99,2009,RJ,507,RIO DE JANEIRO,7827536.4,12,13/09/2017 00:00:00,22.902777777777775,43.2075,Rio de Janeiro
100,2009,RN,535,RIO GRANDE DO NORTE,582076.0,12,13/09/2017 00:00:00,5.795,35.20944444444445,Rio Grande do Norte
101,2009,RO,563,RONDONIA,914148.48,12,13/09/2017 00:00:00,8.761944444444444,63.903888888888886,Rondônia
102,2009,RR,587,RORAIMA,127410.4,12,13/09/2017 00:00:00,2.819722222222222,60.67333333333333,Roraima
103,2009,RS,615,RIO GRANDE DO SUL,7006976.6,12,13/09/2017 00:00:00,30.033055555555556,51.230000000000004,Rio Grande do Sul
104,2009,SC,643,SANTA CATARINA,5628259.1,12,13/09/2017 00:00:00,27.596666666666664,48.549166666666665,Santa Catarina
105,2009,SE,671,SERGIPE,3191484.4,12,13/09/2017 00:00:00,10.911111111111111,37.07166666666667,Sergipe
106,2009,SP,699,SAO PAULO,22350906.9,12,13/09/2017 00:00:00,23.547500000000003,46.63611111111111,São Paulo
107,2009,TO,727,TOCANTINS,1521183.0,12,13/09/2017 00:00:00,10.212777777777777,48.36027777777778,Tocantins
108,2010,AC,5,ACRE,132998.3,12,13/09/2017 00:00:00,9.974722222222223,67.81,Acre
109,2010,AL,33,ALAGOAS,7674826.5,12,13/09/2017 00:00:00,9.665833333333333,35.73527777777778,Alagoas
110,2010,AM,61,AMAZONAS,2139920.6,12,13/09/2017 00:00:00,3.1019444444444444,60.025,Amazonas
111,2010,AP,89,AMAPA,296249.0,12,13/09/2017 00:00:00,0.03888888888888889,51.06638888888889,Amapá
112,2010,BA,117,BAHIA,9294250.9,12,13/09/2017 00:00:00,12.971111111111112,38.51083333333333,Bahia
113,2010,CE,145,CEARA,1066034.0,12,13/09/2017 00:00:00,3.7172222222222224,38.543055555555554,Ceará
114,2010,DF,173,DISTRITO FEDERAL,42120.0,12,13/09/2017 00:00:00,15.779722222222222,47.92972222222222,Distrito Federal
115,2010,ES,201,ESPIRITO SANTO,1758851.0,12,13/09/2017 00:00:00,20.319444444444443,40.33777777777778,Espírito Santo
116,2010,GO,229,GOIAS,8904031.6,12,13/09/2017 00:00:00,16.678611111111113,49.25388888888889,Goiás
117,2010,MA,257,MARANHAO,672124.8,12,13/09/2017 00:00:00,2.529722222222222,44.30277777777778,Maranhão
118,2010,MG,285,MINAS GERAIS,18714031.45,12,13/09/2017 00:00:00,19.920833333333334,43.937777777777775,Minas Gerais
119,2010,MS,313,MATO GROSSO DO SUL,7826471.0,12,13/09/2017 00:00:00,20.442777777777778,54.646388888888886,Mato Grosso do Sul
120,2010,MT,341,MATO GROSSO,2138459.82,12,13/09/2017 00:00:00,15.596111111111112,56.09666666666667,Mato Grosso
121,2010,PA,369,PARA,8736433.4,12,13/09/2017 00:00:00,1.4558333333333333,48.504444444444445,Pará
122,2010,PB,397,PARAIBA,115886.0,12,13/09/2017 00:00:00,7.114999999999999,34.863055555555555,Paraíba
123,2010,PE,425,PERNAMBUCO,2716941.7,12,13/09/2017 00:00:00,8.05388888888889,34.88111111111111,Pernambuco
124,2010,PI,452,PIAUI,316810.0,12,13/09/2017 00:00:00,5.089166666666666,42.801944444444445,Piauí
125,2010,PR,480,PARANA,17787354.0,12,13/09/2017 00:00:00,25.42777777777778,49.27305555555555,Paraná
126,2010,RJ,508,RIO DE JANEIRO,7870648.4,12,13/09/2017 00:00:00,22.902777777777775,43.2075,Rio de Janeiro
127,2010,RN,536,RIO GRANDE DO NORTE,582076.0,12,13/09/2017 00:00:00,5.795,35.20944444444445,Rio Grande do Norte
128,2010,RO,564,RONDONIA,933159.48,12,13/09/2017 00:00:00,8.761944444444444,63.903888888888886,Rondônia
129,2010,RR,588,RORAIMA,127410.4,12,13/09/2017 00:00:00,2.819722222222222,60.67333333333333,Roraima
130,2010,RS,616,RIO GRANDE DO SUL,7150077.6,12,13/09/2017 00:00:00,30.033055555555556,51.230000000000004,Rio Grande do Sul
131,2010,SC,644,SANTA CATARINA,5884521.1,12,13/09/2017 00:00:00,27.596666666666664,48.549166666666665,Santa Catarina
132,2010,SE,672,SERGIPE,3199544.4,12,13/09/2017 00:00:00,10.911111111111111,37.07166666666667,Sergipe
133,2010,SP,700,SAO PAULO,22966983.9,12,13/09/2017 00:00:00,23.547500000000003,46.63611111111111,São Paulo
134,2010,TO,728,TOCANTINS,1795333.0,12,13/09/2017 00:00:00,10.212777777777777,48.36027777777778,Tocantins
135,2011,AC,6,ACRE,136843.0,12,13/09/2017 00:00:00,9.974722222222223,67.81,Acre
136,2011,AL,34,ALAGOAS,7690487.0,12,13/09/2017 00:00:00,9.665833333333333,35.73527777777778,Alagoas
137,2011,AM,62,AMAZONAS,2174906.0,12,13/09/2017 00:00:00,3.1019444444444444,60.025,Amazonas
138,2011,AP,90,AMAPA,297949.0,12,13/09/2017 00:00:00,0.03888888888888889,51.06638888888889,Amapá
139,2011,BA,118,BAHIA,9724503.0,12,13/09/2017 00:00:00,12.971111111111112,38.51083333333333,Bahia
140,2011,CE,146,CEARA,1381485.0,12,13/09/2017 00:00:00,3.7172222222222224,38.543055555555554,Ceará
141,2011,DF,174,DISTRITO FEDERAL,43258.0,12,13/09/2017 00:00:00,15.779722222222222,47.92972222222222,Distrito Federal
142,2011,ES,202,ESPIRITO SANTO,1966948.0,12,13/09/2017 00:00:00,20.319444444444443,40.33777777777778,Espírito Santo
143,2011,GO,230,GOIAS,9903194.0,12,13/09/2017 00:00:00,16.678611111111113,49.25388888888889,Goiás
144,2011,MA,258,MARANHAO,1180450.0,12,13/09/2017 00:00:00,2.529722222222222,44.30277777777778,Maranhão
145,2011,MG,286,MINAS GERAIS,19500264.0,12,13/09/2017 00:00:00,19.920833333333334,43.937777777777775,Minas Gerais
146,2011,MS,314,MATO GROSSO DO SUL,8224679.0,12,13/09/2017 00:00:00,20.442777777777778,54.646388888888886,Mato Grosso do Sul
147,2011,MT,342,MATO GROSSO,2584740.0,12,13/09/2017 00:00:00,15.596111111111112,56.09666666666667,Mato Grosso
148,2011,PA,370,PARA,8872744.0,12,13/09/2017 00:00:00,1.4558333333333333,48.504444444444445,Pará
149,2011,PB,398,PARAIBA,637470.0,12,13/09/2017 00:00:00,7.114999999999999,34.863055555555555,Paraíba
150,2011,PE,426,PERNAMBUCO,2806382.0,12,13/09/2017 00:00:00,8.05388888888889,34.88111111111111,Pernambuco
151,2011,PI,453,PIAUI,316944.0,12,13/09/2017 00:00:00,5.089166666666666,42.801944444444445,Piauí
152,2011,PR,481,PARANA,17753342.0,12,13/09/2017 00:00:00,25.42777777777778,49.27305555555555,Paraná
153,2011,RJ,509,RIO DE JANEIRO,8667164.0,12,13/09/2017 00:00:00,22.902777777777775,43.2075,Rio de Janeiro
154,2011,RN,537,RIO GRANDE DO NORTE,743320.0,12,13/09/2017 00:00:00,5.795,35.20944444444445,Rio Grande do Norte
155,2011,RO,565,RONDONIA,1007058.0,12,13/09/2017 00:00:00,8.761944444444444,63.903888888888886,Rondônia
156,2011,RR,589,RORAIMA,122610.0,12,13/09/2017 00:00:00,2.819722222222222,60.67333333333333,Roraima
157,2011,RS,617,RIO GRANDE DO SUL,8704267.0,12,13/09/2017 00:00:00,30.033055555555556,51.230000000000004,Rio Grande do Sul
158,2011,SC,645,SANTA CATARINA,6958051.0,12,13/09/2017 00:00:00,27.596666666666664,48.549166666666665,Santa Catarina
159,2011,SE,673,SERGIPE,3225884.0,12,13/09/2017 00:00:00,10.911111111111111,37.07166666666667,Sergipe
160,2011,SP,701,SAO PAULO,24084267.0,12,13/09/2017 00:00:00,23.547500000000003,46.63611111111111,São Paulo
161,2011,TO,729,TOCANTINS,2324505.0,12,13/09/2017 00:00:00,10.212777777777777,48.36027777777778,Tocantins
162,2012,AC,23,ACRE,297949.0,12,13/09/2017 00:00:00,9.974722222222223,67.81,Acre
163,2012,AL,51,ALAGOAS,8440948.0,12,13/09/2017 00:00:00,9.665833333333333,35.73527777777778,Alagoas
164,2012,AM,79,AMAZONAS,2732130.0,12,13/09/2017 00:00:00,3.1019444444444444,60.025,Amazonas
165,2012,AP,107,AMAPA,316944.0,12,13/09/2017 00:00:00,0.03888888888888889,51.06638888888889,Amapá
166,2012,BA,135,BAHIA,10217748.0,12,13/09/2017 00:00:00,12.971111111111112,38.51083333333333,Bahia
167,2012,CE,163,MARANHAO,1769522.0,12,13/09/2017 00:00:00,3.7172222222222224,38.543055555555554,Ceará
168,2012,DF,191,DISTRITO FEDERAL,43766.0,12,13/09/2017 00:00:00,15.779722222222222,47.92972222222222,Distrito Federal
169,2012,ES,219,ESPIRITO SANTO,1970988.0,12,13/09/2017 00:00:00,20.319444444444443,40.33777777777778,Espírito Santo
170,2012,GO,247,GOIAS,10261018.2,12,13/09/2017 00:00:00,16.678611111111113,49.25388888888889,Goiás
171,2012,MA,275,MARANHAO,1591274.8,12,13/09/2017 00:00:00,2.529722222222222,44.30277777777778,Maranhão
172,2012,MG,303,MINAS GERAIS,19662121.16,12,13/09/2017 00:00:00,19.920833333333334,43.937777777777775,Minas Gerais
173,2012,MS,331,MATO GROSSO DO SUL,8752486.0,12,13/09/2017 00:00:00,20.442777777777778,54.646388888888886,Mato Grosso do Sul
174,2012,MT,359,MATO GROSSO,2640048.82,12,13/09/2017 00:00:00,15.596111111111112,56.09666666666667,Mato Grosso
175,2012,PA,387,PARA,8885729.6,12,13/09/2017 00:00:00,1.4558333333333333,48.504444444444445,Pará
176,2012,PB,415,PARAIBA,640470.0,12,13/09/2017 00:00:00,7.114999999999999,34.863055555555555,Paraíba
177,2012,PE,442,PERNAMBUCO,2817094.7,12,13/09/2017 00:00:00,8.05388888888889,34.88111111111111,Pernambuco
178,2012,PI,470,PIAUI,637470.0,12,13/09/2017 00:00:00,5.089166666666666,42.801944444444445,Piauí
179,2012,PR,498,PARANA,18130570.2,12,13/09/2017 00:00:00,25.42777777777778,49.27305555555555,Paraná
180,2012,RJ,526,RIO DE JANEIRO,8878279.0,12,13/09/2017 00:00:00,22.902777777777775,43.2075,Rio de Janeiro
181,2012,RN,554,RIO GRANDE DO NORTE,926704.0,12,13/09/2017 00:00:00,5.795,35.20944444444445,Rio Grande do Norte
182,2012,RO,579,RONDONIA,1630940.48,12,13/09/2017 00:00:00,8.761944444444444,63.903888888888886,Rondônia
183,2012,RR,606,RORAIMA,159722.0,12,13/09/2017 00:00:00,2.819722222222222,60.67333333333333,Roraima
184,2012,RS,634,RIO GRANDE DO SUL,8925936.4,12,13/09/2017 00:00:00,30.033055555555556,51.230000000000004,Rio Grande do Sul
185,2012,SC,662,SANTA CATARINA,7177788.8,12,13/09/2017 00:00:00,27.596666666666664,48.549166666666665,Santa Catarina
186,2012,SE,690,SERGIPE,3282279.4,12,13/09/2017 00:00:00,10.911111111111111,37.07166666666667,Sergipe
187,2012,SP,718,SAO PAULO,24923400.98,12,13/09/2017 00:00:00,23.547500000000003,46.63611111111111,São Paulo
188,2012,TO,746,TOCANTINS,2732130.0,12,13/09/2017 00:00:00,10.212777777777777,48.36027777777778,Tocantins
189,2013,AC,24,ACRE,190896.0,12,13/09/2017 00:00:00,9.974722222222223,67.81,Acre
190,2013,AL,52,ALAGOAS,7748087.0,12,13/09/2017 00:00:00,9.665833333333333,35.73527777777778,Alagoas
191,2013,AM,80,AMAZONAS,2262845.0,12,13/09/2017 00:00:00,3.1019444444444444,60.025,Amazonas
192,2013,AP,108,AMAPA,302549.0,12,13/09/2017 00:00:00,0.03888888888888889,51.06638888888889,Amapá
193,2013,BA,136,BAHIA,9885413.0,12,13/09/2017 00:00:00,12.971111111111112,38.51083333333333,Bahia
194,2013,CE,164,CEARA,2607250.0,12,13/09/2017 00:00:00,3.7172222222222224,38.543055555555554,Ceará
195,2013,DF,192,DISTRITO FEDERAL,45918.0,12,13/09/2017 00:00:00,15.779722222222222,47.92972222222222,Distrito Federal
196,2013,ES,220,ESPIRITO SANTO,1872815.0,12,13/09/2017 00:00:00,20.319444444444443,40.33777777777778,Espírito Santo
197,2013,GO,248,GOIAS,10578599.0,12,13/09/2017 00:00:00,16.678611111111113,49.25388888888889,Goiás
198,2013,MA,276,MARANHAO,3027829.0,12,13/09/2017 00:00:00,2.529722222222222,44.30277777777778,Maranhão
199,2013,MG,304,MINAS GERAIS,20095486.0,12,13/09/2017 00:00:00,19.920833333333334,43.937777777777775,Minas Gerais
200,2013,MS,332,MATO GROSSO DO SUL,8781922.0,12,13/09/2017 00:00:00,20.442777777777778,54.646388888888886,Mato Grosso do Sul
201,2013,MT,360,MATO GROSSO,2804909.0,12,13/09/2017 00:00:00,15.596111111111112,56.09666666666667,Mato Grosso
202,2013,PA,388,PARA,9059697.0,12,13/09/2017 00:00:00,1.4558333333333333,48.504444444444445,Pará
203,2013,PB,416,PARAIBA,641470.0,12,13/09/2017 00:00:00,7.114999999999999,34.863055555555555,Paraíba
204,2013,PE,443,PERNAMBUCO,3210354.0,9,13/09/2017 00:00:00,8.05388888888889,34.88111111111111,Pernambuco
205,2013,PI,471,PIAUI,318115.0,12,13/09/2017 00:00:00,5.089166666666666,42.801944444444445,Piauí
206,2013,PR,499,PARANA,18232699.0,12,13/09/2017 00:00:00,25.42777777777778,49.27305555555555,Paraná
207,2013,RJ,527,RIO DE JANEIRO,8825077.0,12,13/09/2017 00:00:00,22.902777777777775,43.2075,Rio de Janeiro
208,2013,RN,555,RIO GRANDE DO NORTE,947204.0,12,13/09/2017 00:00:00,5.795,35.20944444444445,Rio Grande do Norte
209,2013,RO,580,RONDONIA,2144928.0,12,13/09/2017 00:00:00,8.761944444444444,63.903888888888886,Rondônia
210,2013,RR,607,RORAIMA,122610.0,12,13/09/2017 00:00:00,2.819722222222222,60.67333333333333,Roraima
211,2013,RS,635,RIO GRANDE DO SUL,9132560.0,12,13/09/2017 00:00:00,30.033055555555556,51.230000000000004,Rio Grande do Sul
212,2013,SC,663,SANTA CATARINA,7459793.0,12,13/09/2017 00:00:00,27.596666666666664,48.549166666666665,Santa Catarina
213,2013,SE,691,SERGIPE,3283199.0,12,13/09/2017 00:00:00,10.911111111111111,37.07166666666667,Sergipe
214,2013,SP,719,SAO PAULO,25165389.0,12,13/09/2017 00:00:00,23.547500000000003,46.63611111111111,São Paulo
215,2013,TO,747,TOCANTINS,2988080.0,12,13/09/2017 00:00:00,10.212777777777777,48.36027777777778,Tocantins
216,2014,AC,25,ACRE,190896.0,12,13/09/2017 00:00:00,9.974722222222223,67.81,Acre
217,2014,AL,53,ALAGOAS,7749087.0,12,13/09/2017 00:00:00,9.665833333333333,35.73527777777778,Alagoas
218,2014,AM,81,AMAZONAS,2262845.0,12,13/09/2017 00:00:00,3.1019444444444444,60.025,Amazonas
219,2014,AP,109,AMAPA,843949.0,12,13/09/2017 00:00:00,0.03888888888888889,51.06638888888889,Amapá
220,2014,BA,137,BAHIA,9888340.0,12,13/09/2017 00:00:00,12.971111111111112,38.51083333333333,Bahia
221,2014,CE,165,CEARA,3172245.0,12,13/09/2017 00:00:00,3.7172222222222224,38.543055555555554,Ceará
222,2014,DF,193,DISTRITO FEDERAL,47380.0,12,13/09/2017 00:00:00,15.779722222222222,47.92972222222222,Distrito Federal
223,2014,ES,221,ESPIRITO SANTO,1881234.0,12,13/09/2017 00:00:00,20.319444444444443,40.33777777777778,Espírito Santo
224,2014,GO,249,GOIAS,10631699.0,12,13/09/2017 00:00:00,16.678611111111113,49.25388888888889,Goiás
225,2014,MA,277,MARANHAO,3162629.0,12,13/09/2017 00:00:00,2.529722222222222,44.30277777777778,Maranhão
226,2014,MG,305,MINAS GERAIS,20146682.0,12,13/09/2017 00:00:00,19.920833333333334,43.937777777777775,Minas Gerais
227,2014,MS,333,MATO GROSSO DO SUL,8782687.0,12,13/09/2017 00:00:00,20.442777777777778,54.646388888888886,Mato Grosso do Sul
228,2014,MT,361,MATO GROSSO,2842410.0,12,13/09/2017 00:00:00,15.596111111111112,56.09666666666667,Mato Grosso
229,2014,PA,389,PARA,9074721.0,12,13/09/2017 00:00:00,1.4558333333333333,48.504444444444445,Pará
230,2014,PB,417,PARAIBA,641476.0,12,13/09/2017 00:00:00,7.114999999999999,34.863055555555555,Paraíba
231,2014,PE,444,PERNAMBUCO,3401067.0,12,13/09/2017 00:00:00,8.05388888888889,34.88111111111111,Pernambuco
232,2014,PI,472,PIAUI,388115.0,12,13/09/2017 00:00:00,5.089166666666666,42.801944444444445,Piauí
233,2014,PR,500,PARANA,18234011.0,12,13/09/2017 00:00:00,25.42777777777778,49.27305555555555,Paraná
234,2014,RJ,528,RIO DE JANEIRO,9058745.0,12,13/09/2017 00:00:00,22.902777777777775,43.2075,Rio de Janeiro
235,2014,RN,556,RIO GRANDE DO NORTE,2135054.0,12,13/09/2017 00:00:00,5.795,35.20944444444445,Rio Grande do Norte
236,2014,RO,576,RONDONIA,3409201.0,6,13/09/2017 00:00:00,8.761944444444444,63.903888888888886,Rondônia
237,2014,RR,608,RORAIMA,4745751.0,12,13/09/2017 00:00:00,2.819722222222222,60.67333333333333,Roraima
238,2014,RS,636,RIO GRANDE DO SUL,9199390.0,12,13/09/2017 00:00:00,30.033055555555556,51.230000000000004,Rio Grande do Sul
239,2014,SC,664,SANTA CATARINA,7469074.0,12,13/09/2017 00:00:00,27.596666666666664,48.549166666666665,Santa Catarina
240,2014,SE,692,SERGIPE,3284279.0,12,13/09/2017 00:00:00,10.911111111111111,37.07166666666667,Sergipe
241,2014,SP,720,SAO PAULO,25337669.0,12,13/09/2017 00:00:00,23.547500000000003,46.63611111111111,São Paulo
242,2014,TO,748,TOCANTINS,2988093.0,12,13/09/2017 00:00:00,10.212777777777777,48.36027777777778,Tocantins
243,2015,AC,26,ACRE,195699.0,12,13/09/2017 00:00:00,9.974722222222223,67.81,Acre
244,2015,AL,54,ALAGOAS,710769.1,12,13/09/2017 00:00:00,9.665833333333333,35.73527777777778,Alagoas
245,2015,AM,82,AMAZONAS,2262779.22,12,13/09/2017 00:00:00,3.1019444444444444,60.025,Amazonas
246,2015,AP,110,AMAPA,940779.0,12,13/09/2017 00:00:00,0.03888888888888889,51.06638888888889,Amapá
247,2015,BA,138,RIO DE JANEIRO,9063787.18,12,13/09/2017 00:00:00,12.971111111111112,38.51083333333333,Bahia
248,2015,CE,166,CEARA,3197313.0,12,13/09/2017 00:00:00,3.7172222222222224,38.543055555555554,Ceará
249,2015,DF,194,DISTRITO FEDERAL,56058.4,12,13/09/2017 00:00:00,15.779722222222222,47.92972222222222,Distrito Federal
250,2015,ES,222,ESPIRITO SANTO,1539815.4,12,13/09/2017 00:00:00,20.319444444444443,40.33777777777778,Espírito Santo
251,2015,GO,250,GOIAS,7414609.11,12,13/09/2017 00:00:00,16.678611111111113,49.25388888888889,Goiás
252,2015,MA,278,MARANHAO,3073605.43,12,13/09/2017 00:00:00,2.529722222222222,44.30277777777778,Maranhão
253,2015,MG,306,MINAS GERAIS,15662491.79,12,13/09/2017 00:00:00,19.920833333333334,43.937777777777775,Minas Gerais
254,2015,MS,334,MATO GROSSO DO SUL,2362729.38,12,13/09/2017 00:00:00,20.442777777777778,54.646388888888886,Mato Grosso do Sul
255,2015,MT,362,MATO GROSSO,2906080.0,12,13/09/2017 00:00:00,15.596111111111112,56.09666666666667,Mato Grosso
256,2015,PA,390,PARA,9491915.33,12,13/09/2017 00:00:00,1.4558333333333333,48.504444444444445,Pará
257,2015,PB,418,PARAIBA,642578.8,12,13/09/2017 00:00:00,7.114999999999999,34.863055555555555,Paraíba
258,2015,PE,445,PERNAMBUCO,3873270.95,12,13/09/2017 00:00:00,8.05388888888889,34.88111111111111,Pernambuco
259,2015,PI,473,PIAUI,814186.0,12,13/09/2017 00:00:00,5.089166666666666,42.801944444444445,Piauí
260,2015,PR,501,PARANA,16219526.21,12,13/09/2017 00:00:00,25.42777777777778,49.27305555555555,Paraná
261,2015,RJ,529,RIO DE JANEIRO,8924060.0,12,13/09/2017 00:00:00,22.902777777777775,43.2075,Rio de Janeiro
262,2015,RN,557,RIO GRANDE DO NORTE,2909859.84,12,13/09/2017 00:00:00,5.795,35.20944444444445,Rio Grande do Norte
263,2015,RO,581,RONDONIA,6283516.56,12,13/09/2017 00:00:00,8.761944444444444,63.903888888888886,Rondônia
264,2015,RR,609,RORAIMA,264345.4,12,13/09/2017 00:00:00,2.819722222222222,60.67333333333333,Roraima
265,2015,RS,637,RIO GRANDE DO SUL,9341073.58,12,13/09/2017 00:00:00,30.033055555555556,51.230000000000004,Rio Grande do Sul
266,2015,SC,665,SANTA CATARINA,4565119.82,12,13/09/2017 00:00:00,27.596666666666664,48.549166666666665,Santa Catarina
267,2015,SE,693,SERGIPE,3290047.4,12,13/09/2017 00:00:00,10.911111111111111,37.07166666666667,Sergipe
268,2015,SP,721,SAO PAULO,22828190.92,12,13/09/2017 00:00:00,23.547500000000003,46.63611111111111,São Paulo
269,2015,TO,749,TOCANTINS,1917772.0,12,13/09/2017 00:00:00,10.212777777777777,48.36027777777778,Tocantins
270,2016,AC,27,ACRE,258290.3,12,13/09/2017 00:00:00,9.974722222222223,67.81,Acre
271,2016,AL,55,ALAGOAS,729369.1,12,13/09/2017 00:00:00,9.665833333333333,35.73527777777778,Alagoas
272,2016,AM,83,AMAZONAS,2303869.04,12,13/09/2017 00:00:00,3.1019444444444444,60.025,Amazonas
273,2016,AP,111,AMAPA,1159779.0,12,13/09/2017 00:00:00,0.03888888888888889,51.06638888888889,Amapá
274,2016,BA,139,BAHIA,9582661.18,12,13/09/2017 00:00:00,12.971111111111112,38.51083333333333,Bahia
275,2016,CE,167,CEARA,3691514.1,12,13/09/2017 00:00:00,3.7172222222222224,38.543055555555554,Ceará
276,2016,DF,195,DISTRITO FEDERAL,56058.4,12,13/09/2017 00:00:00,15.779722222222222,47.92972222222222,Distrito Federal
277,2016,ES,223,ESPIRITO SANTO,1539823.0,12,13/09/2017 00:00:00,20.319444444444443,40.33777777777778,Espírito Santo
278,2016,GO,251,GOIAS,7570920.05,12,13/09/2017 00:00:00,16.678611111111113,49.25388888888889,Goiás
279,2016,MA,279,MARANHAO,3592609.43,12,13/09/2017 00:00:00,2.529722222222222,44.30277777777778,Maranhão
280,2016,MG,307,MINAS GERAIS,15797899.95,12,13/09/2017 00:00:00,19.920833333333334,43.937777777777775,Minas Gerais
281,2016,MS,335,MATO GROSSO DO SUL,2360207.38,12,13/09/2017 00:00:00,20.442777777777778,54.646388888888886,Mato Grosso do Sul
282,2016,MT,363,MATO GROSSO DO SUL,3088606.1,12,13/09/2017 00:00:00,15.596111111111112,56.09666666666667,Mato Grosso
283,2016,PA,391,PARA,12966433.08,12,13/09/2017 00:00:00,1.4558333333333333,48.504444444444445,Pará
284,2016,PB,419,PARAIBA,657578.8,12,13/09/2017 00:00:00,7.114999999999999,34.863055555555555,Paraíba
285,2016,PE,446,PERNAMBUCO,4152131.95,12,13/09/2017 00:00:00,8.05388888888889,34.88111111111111,Pernambuco
286,2016,PI,474,PIAUI,1196286.0,12,13/09/2017 00:00:00,5.089166666666666,42.801944444444445,Piauí
287,2016,PR,502,PARANA,16641322.92,12,13/09/2017 00:00:00,25.42777777777778,49.27305555555555,Paraná
288,2016,RJ,530,RIO DE JANEIRO,8447617.78,12,13/09/2017 00:00:00,22.902777777777775,43.2075,Rio de Janeiro
289,2016,RN,558,RIO GRANDE DO NORTE,3834199.84,12,13/09/2017 00:00:00,5.795,35.20944444444445,Rio Grande do Norte
290,2016,RO,582,RONDONIA,8017439.56,12,13/09/2017 00:00:00,8.761944444444444,63.903888888888886,Rondônia
291,2016,RR,610,RORAIMA,263370.0,12,13/09/2017 00:00:00,2.819722222222222,60.67333333333333,Roraima
292,2016,RS,638,RIO GRANDE DO SUL,9403343.43,12,13/09/2017 00:00:00,30.033055555555556,51.230000000000004,Rio Grande do Sul
293,2016,SC,666,SANTA CATARINA,4588504.92,12,13/09/2017 00:00:00,27.596666666666664,48.549166666666665,Santa Catarina
294,2016,SE,694,SERGIPE,3295871.4,12,13/09/2017 00:00:00,10.911111111111111,37.07166666666667,Sergipe
295,2016,SP,722,SAO PAULO,23062166.47,12,13/09/2017 00:00:00,23.547500000000003,46.63611111111111,São Paulo
296,2016,TO,750,TOCANTINS,1932872.0,12,13/09/2017 00:00:00,10.212777777777777,48.36027777777778,Tocantins
297,2017,AC,806,ACRE,250401.9,12,28/06/2018 00:00:00,9.974722222222223,67.81,Acre
298,2017,AL,807,ALAGOAS,730386.6,12,28/06/2018 00:00:00,9.665833333333333,35.73527777777778,Alagoas
299,2017,AM,808,AMAZONAS,2284949.04,12,28/06/2018 00:00:00,3.1019444444444444,60.025,Amazonas
300,2017,AP,809,AMAPA,1183368.2,12,28/06/2018 00:00:00,0.03888888888888889,51.06638888888889,Amapá
301,2017,BA,810,BAHIA,10458161.82,12,28/06/2018 00:00:00,12.971111111111112,38.51083333333333,Bahia
302,2017,CE,811,CEARA,4000712.1,12,28/06/2018 00:00:00,3.7172222222222224,38.543055555555554,Ceará
303,2017,DF,812,DISTRITO FEDERAL,56058.4,12,28/06/2018 00:00:00,15.779722222222222,47.92972222222222,Distrito Federal
304,2017,ES,813,ESPIRITO SANTO,1565456.9,12,28/06/2018 00:00:00,20.319444444444443,40.33777777777778,Espírito Santo
305,2017,GO,814,GOIAS,7649637.79,12,28/06/2018 00:00:00,16.678611111111113,49.25388888888889,Goiás
306,2017,MA,815,MARANHAO,3813409.43,12,28/06/2018 00:00:00,2.529722222222222,44.30277777777778,Maranhão
307,2017,MG,816,MINAS GERAIS,16179000.07,12,28/06/2018 00:00:00,19.920833333333334,43.937777777777775,Minas Gerais
308,2017,MS,817,MATO GROSSO DO SUL,2642371.38,12,28/06/2018 00:00:00,20.442777777777778,54.646388888888886,Mato Grosso do Sul
309,2017,MT,818,MATO GROSSO DO SUL,3149237.35,12,28/06/2018 00:00:00,15.596111111111112,56.09666666666667,Mato Grosso
310,2017,PA,819,PARA,15834438.61,12,28/06/2018 00:00:00,1.4558333333333333,48.504444444444445,Pará
311,2017,PB,820,PARAIBA,776678.8,12,28/06/2018 00:00:00,7.114999999999999,34.863055555555555,Paraíba
312,2017,PE,821,PERNAMBUCO,4283645.34,12,28/06/2018 00:00:00,8.05388888888889,34.88111111111111,Pernambuco
313,2017,PI,822,PIAUI,2009786.0,12,28/06/2018 00:00:00,5.089166666666666,42.801944444444445,Piauí
314,2017,PR,823,PARANA,16666239.87,12,28/06/2018 00:00:00,25.42777777777778,49.27305555555555,Paraná
315,2017,RJ,824,RIO DE JANEIRO,8482205.53,12,28/06/2018 00:00:00,22.902777777777775,43.2075,Rio de Janeiro
316,2017,RN,825,RIO GRANDE DO NORTE,4220699.84,12,28/06/2018 00:00:00,5.795,35.20944444444445,Rio Grande do Norte
317,2017,RO,826,RONDONIA,8396091.68,12,28/06/2018 00:00:00,8.761944444444444,63.903888888888886,Rondônia
318,2017,RR,827,RORAIMA,263772.58,12,28/06/2018 00:00:00,2.819722222222222,60.67333333333333,Roraima
319,2017,RS,828,RIO GRANDE DO SUL,9582007.96,12,28/06/2018 00:00:00,30.033055555555556,51.230000000000004,Rio Grande do Sul
320,2017,SC,829,SANTA CATARINA,4704375.81,12,28/06/2018 00:00:00,27.596666666666664,48.549166666666665,Santa Catarina
321,2017,SE,830,SERGIPE,3296239.4,12,28/06/2018 00:00:00,10.911111111111111,37.07166666666667,Sergipe
322,2017,SP,831,SAO PAULO,23074499.05,12,28/06/2018 00:00:00,23.547500000000003,46.63611111111111,São Paulo
323,2017,TO,832,TOCANTINS,1932872.0,12,28/06/2018 00:00:00,10.212777777777777,48.36027777777778,Tocantins
324,2018,AC,1022,ACRE,235822.3,12,28/06/2018 00:00:00,9.974722222222223,67.81,Acre
325,2018,AL,1023,ALAGOAS,746386.6,12,28/06/2018 00:00:00,9.665833333333333,35.73527777777778,Alagoas
326,2018,AM,1024,AMAZONAS,2468661.04,12,28/06/2018 00:00:00,3.1019444444444444,60.025,Amazonas
327,2018,AP,1025,AMAPA,1183368.2,12,28/06/2018 00:00:00,0.03888888888888889,51.06638888888889,Amapá
328,2018,BA,1026,BAHIA,11713162.82,12,28/06/2018 00:00:00,12.971111111111112,38.51083333333333,Bahia
329,2018,CE,1027,CEARA,4352085.1,12,28/06/2018 00:00:00,3.7172222222222224,38.543055555555554,Ceará
330,2018,DF,1028,DISTRITO FEDERAL,56358.4,12,28/06/2018 00:00:00,15.779722222222222,47.92972222222222,Distrito Federal
331,2018,ES,1029,ESPIRITO SANTO,1597901.63,12,28/06/2018 00:00:00,20.319444444444443,40.33777777777778,Espírito Santo
332,2018,GO,1030,GOIAS,7723304.69,12,28/06/2018 00:00:00,16.678611111111113,49.25388888888889,Goiás
333,2018,MA,1031,MARANHAO,3899122.43,12,28/06/2018 00:00:00,2.529722222222222,44.30277777777778,Maranhão
334,2018,MG,1032,MINAS GERAIS,16529981.07,12,28/06/2018 00:00:00,19.920833333333334,43.937777777777775,Minas Gerais
335,2018,MS,1033,MATO GROSSO DO SUL,2509658.39,12,28/06/2018 00:00:00,20.442777777777778,54.646388888888886,Mato Grosso do Sul
336,2018,MT,1034,MATO GROSSO DO SUL,3119243.15,12,28/06/2018 00:00:00,15.596111111111112,56.09666666666667,Mato Grosso
337,2018,PA,1035,PARA,19239105.88,12,28/06/2018 00:00:00,1.4558333333333333,48.504444444444445,Pará
338,2018,PB,1036,PARAIBA,858078.8,12,28/06/2018 00:00:00,7.114999999999999,34.863055555555555,Paraíba
339,2018,PE,1037,PERNAMBUCO,4279378.64,12,28/06/2018 00:00:00,8.05388888888889,34.88111111111111,Pernambuco
340,2018,PI,1038,PIAUI,2213986.0,12,28/06/2018 00:00:00,5.089166666666666,42.801944444444445,Piauí
341,2018,PR,1039,PARANA,16701760.3,12,28/06/2018 00:00:00,25.42777777777778,49.27305555555555,Paraná
342,2018,RJ,1040,RIO DE JANEIRO,8496760.68,12,28/06/2018 00:00:00,22.902777777777775,43.2075,Rio de Janeiro
343,2018,RN,1041,RIO GRANDE DO NORTE,4549399.99,12,28/06/2018 00:00:00,5.795,35.20944444444445,Rio Grande do Norte
344,2018,RO,1042,RONDONIA,8352117.18,12,28/06/2018 00:00:00,8.761944444444444,63.903888888888886,Rondônia
345,2018,RR,1043,RORAIMA,285568.38,12,28/06/2018 00:00:00,2.819722222222222,60.67333333333333,Roraima
346,2018,RS,1044,RIO GRANDE DO SUL,9588252.76,12,28/06/2018 00:00:00,30.033055555555556,51.230000000000004,Rio Grande do Sul
347,2018,SC,1045,SANTA CATARINA,4740565.71,12,28/06/2018 00:00:00,27.596666666666664,48.549166666666665,Santa Catarina
348,2018,SE,1046,SERGIPE,3296559.4,12,28/06/2018 00:00:00,10.911111111111111,37.07166666666667,Sergipe
349,2018,SP,1047,SAO PAULO,23362600.67,12,28/06/2018 00:00:00,23.547500000000003,46.63611111111111,São Paulo
350,2018,TO,1048,TOCANTINS,1937803.0,12,28/06/2018 00:00:00,10.212777777777777,48.36027777777778,Tocantins
351,2019,AC,1132,ACRE,116542.8,12,01/10/2019 00:00:00,9.974722222222223,67.81,Acre
352,2019,AL,1133,ALAGOAS,746410.6,12,01/10/2019 00:00:00,9.665833333333333,35.73527777777778,Alagoas
353,2019,AM,1134,AMAZONAS,2341320.14,12,01/10/2019 00:00:00,3.1019444444444444,60.025,Amazonas
354,2019,AP,1135,AMAPA,1037816.2,12,01/10/2019 00:00:00,0.03888888888888889,51.06638888888889,Amapá
355,2019,BA,1136,BAHIA,12326781.42,12,01/10/2019 00:00:00,12.971111111111112,38.51083333333333,Bahia
356,2019,CE,1137,CEARA,4433085.1,12,01/10/2019 00:00:00,3.7172222222222224,38.543055555555554,Ceará
357,2019,DF,1138,DISTRITO FEDERAL,46358.4,12,01/10/2019 00:00:00,15.779722222222222,47.92972222222222,Distrito Federal
358,2019,ES,1139,ESPIRITO SANTO,1599022.53,12,01/10/2019 00:00:00,20.319444444444443,40.33777777777778,Espírito Santo
359,2019,GO,1140,GOIAS,7760537.29,12,01/10/2019 00:00:00,16.678611111111113,49.25388888888889,Goiás
360,2019,MA,1141,MARANHAO,4025622.43,12,01/10/2019 00:00:00,2.529722222222222,44.30277777777778,Maranhão
361,2019,MG,1142,MINAS GERAIS,16599472.36,12,01/10/2019 00:00:00,19.920833333333334,43.937777777777775,Minas Gerais
362,2019,MS,1143,MATO GROSSO DO SUL,2528658.39,12,01/10/2019 00:00:00,20.442777777777778,54.646388888888886,Mato Grosso do Sul
363,2019,MT,1144,MATO GROSSO,3906743.18,12,01/10/2019 00:00:00,15.596111111111112,56.09666666666667,Mato Grosso
364,2019,PA,1145,PARA,22890497.15,12,01/10/2019 00:00:00,1.4558333333333333,48.504444444444445,Pará
365,2019,PB,1146,PARAIBA,889356.8,12,01/10/2019 00:00:00,7.114999999999999,34.863055555555555,Paraíba
366,2019,PE,1147,PERNAMBUCO,4320780.64,12,01/10/2019 00:00:00,8.05388888888889,34.88111111111111,Pernambuco
367,2019,PI,1148,PIAUI,2213986.0,12,01/10/2019 00:00:00,5.089166666666666,42.801944444444445,Piauí
368,2019,PR,1149,PARANA,17116313.12,12,01/10/2019 00:00:00,25.42777777777778,49.27305555555555,Paraná
369,2019,RJ,1150,RIO DE JANEIRO,8516580.28,12,01/10/2019 00:00:00,22.902777777777775,43.2075,Rio de Janeiro
370,2019,RN,1151,RIO GRANDE DO NORTE,4798159.99,12,01/10/2019 00:00:00,5.795,35.20944444444445,Rio Grande do Norte
371,2019,RO,1152,RONDONIA,8318883.6,12,01/10/2019 00:00:00,8.761944444444444,63.903888888888886,Rondônia
372,2019,RR,1153,RORAIMA,343784.38,12,01/10/2019 00:00:00,2.819722222222222,60.67333333333333,Roraima
373,2019,RS,1154,RIO GRANDE DO SUL,9464614.29,12,01/10/2019 00:00:00,30.033055555555556,51.230000000000004,Rio Grande do Sul
374,2019,SC,1155,SANTA CATARINA,4779548.18,12,01/10/2019 00:00:00,27.596666666666664,48.549166666666665,Santa Catarina
375,2019,SE,1156,SERGIPE,3296559.4,12,01/10/2019 00:00:00,10.911111111111111,37.07166666666667,Sergipe
376,2019,SP,1157,SAO PAULO,23736894.48,12,01/10/2019 00:00:00,23.547500000000003,46.63611111111111,São Paulo
377,2019,TO,1158,TOCANTINS,1950823.0,12,01/10/2019 00:00:00,10.212777777777777,48.36027777777778,Tocantins
378,2020,AC,1240,ACRE,116542.8,12,01/10/2020 00:00:00,9.974722222222223,67.81,Acre
379,2020,AL,1241,ALAGOAS,739167.3,12,01/10/2020 00:00:00,9.665833333333333,35.73527777777778,Alagoas
380,2020,AM,1242,AMAZONAS,2545981.64,12,01/10/2020 00:00:00,3.1019444444444444,60.025,Amazonas
381,2020,AP,1243,AMAPA,1082216.2,12,01/10/2020 00:00:00,0.03888888888888889,51.06638888888889,Amapá
382,2020,BA,1244,BAHIA,12871836.42,12,01/10/2020 00:00:00,12.971111111111112,38.51083333333333,Bahia
383,2020,CE,1245,CEARA,4566965.1,12,01/10/2020 00:00:00,3.7172222222222224,38.543055555555554,Ceará
384,2020,DF,1246,DISTRITO FEDERAL,46358.4,12,01/10/2020 00:00:00,15.779722222222222,47.92972222222222,Distrito Federal
385,2020,ES,1247,ESPIRITO SANTO,1600954.53,12,01/10/2020 00:00:00,20.319444444444443,40.33777777777778,Espírito Santo
386,2020,GO,1248,GOIAS,7781826.31,12,01/10/2020 00:00:00,16.678611111111113,49.25388888888889,Goiás
387,2020,MA,1249,MARANHAO,4025833.03,12,01/10/2020 00:00:00,2.529722222222222,44.30277777777778,Maranhão
388,2020,MG,1250,MINAS GERAIS,16689960.63,12,01/10/2020 00:00:00,19.920833333333334,43.937777777777775,Minas Gerais
389,2020,MS,1251,MATO GROSSO DO SUL,2540037.39,12,01/10/2020 00:00:00,20.442777777777778,54.646388888888886,Mato Grosso do Sul
390,2020,MT,1252,MATO GROSSO,3951444.08,12,01/10/2020 00:00:00,15.596111111111112,56.09666666666667,Mato Grosso
391,2020,PA,1253,PARA,22890606.15,12,01/10/2020 00:00:00,1.4558333333333333,48.504444444444445,Pará
392,2020,PB,1254,PARAIBA,914018.8,12,01/10/2020 00:00:00,7.114999999999999,34.863055555555555,Paraíba
393,2020,PE,1255,PERNAMBUCO,4361402.64,12,01/10/2020 00:00:00,8.05388888888889,34.88111111111111,Pernambuco
394,2020,PI,1256,PIAUI,3392694.0,12,01/10/2020 00:00:00,5.089166666666666,42.801944444444445,Piauí
395,2020,PR,1257,PARANA,17142994.12,12,01/10/2020 00:00:00,25.42777777777778,49.27305555555555,Paraná
396,2020,RJ,1258,RIO DE JANEIRO,8534266.28,12,01/10/2020 00:00:00,22.902777777777775,43.2075,Rio de Janeiro
397,2020,RN,1259,RIO GRANDE DO NORTE,5441759.29,12,01/10/2020 00:00:00,5.795,35.20944444444445,Rio Grande do Norte
398,2020,RO,1260,RONDONIA,8342883.6,12,01/10/2020 00:00:00,8.761944444444444,63.903888888888886,Rondônia
399,2020,RR,1261,RORAIMA,346984.38,12,01/10/2020 00:00:00,2.819722222222222,60.67333333333333,Roraima
400,2020,RS,1262,RIO GRANDE DO SUL,9545415.04,12,01/10/2020 00:00:00,30.033055555555556,51.230000000000004,Rio Grande do Sul
401,2020,SC,1263,SANTA CATARINA,4824259.38,12,01/10/2020 00:00:00,27.596666666666664,48.549166666666665,Santa Catarina
402,2020,SE,1264,SERGIPE,4812201.4,12,01/10/2020 00:00:00,10.911111111111111,37.07166666666667,Sergipe
403,2020,SP,1265,SAO PAULO,23908492.98,12,01/10/2020 00:00:00,23.547500000000003,46.63611111111111,São Paulo
404,2020,TO,1266,TOCANTINS,1960612.0,12,01/10/2020 00:00:00,10.212777777777777,48.36027777777778,Tocantins
405,2021,AC,1267,ACRE,72703.8,3,01/04/2021 00:00:00,9.974722222222223,67.81,Acre
406,2021,AL,1268,ALAGOAS,739167.3,3,01/04/2021 00:00:00,9.665833333333333,35.73527777777778,Alagoas
407,2021,AM,1269,AMAZONAS,2384878.14,3,01/04/2021 00:00:00,3.1019444444444444,60.025,Amazonas
408,2021,AP,1270,AMAPA,1082216.2,3,01/04/2021 00:00:00,0.03888888888888889,51.06638888888889,Amapá
409,2021,BA,1271,BAHIA,12907236.42,3,01/04/2021 00:00:00,12.971111111111112,38.51083333333333,Bahia
410,2021,CE,1272,CEARA,4667765.1,3,01/04/2021 00:00:00,3.7172222222222224,38.543055555555554,Ceará
411,2021,DF,1273,DISTRITO FEDERAL,46358.4,3,01/04/2021 00:00:00,15.779722222222222,47.92972222222222,Distrito Federal
412,2021,ES,1274,ESPIRITO SANTO,1602466.53,3,01/04/2021 00:00:00,20.319444444444443,40.33777777777778,Espírito Santo
413,2021,GO,1275,GOIAS,7741826.31,3,01/04/2021 00:00:00,16.678611111111113,49.25388888888889,Goiás
414,2021,MA,1276,MARANHAO,4008658.63,3,01/04/2021 00:00:00,2.529722222222222,44.30277777777778,Maranhão
415,2021,MG,1277,MINAS GERAIS,16563912.88,3,01/04/2021 00:00:00,19.920833333333334,43.937777777777775,Minas Gerais
416,2021,MS,1278,MATO GROSSO DO SUL,2539537.39,3,01/04/2021 00:00:00,20.442777777777778,54.646388888888886,Mato Grosso do Sul
417,2021,MT,1279,MATO GROSSO,3963444.08,3,01/04/2021 00:00:00,15.596111111111112,56.09666666666667,Mato Grosso
418,2021,PA,1280,PARA,22844084.35,3,01/04/2021 00:00:00,1.4558333333333333,48.504444444444445,Pará
419,2021,PB,1281,PARAIBA,919245.2,3,01/04/2021 00:00:00,7.114999999999999,34.863055555555555,Paraíba
420,2021,PE,1282,PERNAMBUCO,4363513.64,3,01/04/2021 00:00:00,8.05388888888889,34.88111111111111,Pernambuco
421,2021,PI,1283,PIAUI,3585544.0,3,01/04/2021 00:00:00,5.089166666666666,42.801944444444445,Piauí
422,2021,PR,1284,PARANA,17160874.12,3,01/04/2021 00:00:00,25.42777777777778,49.27305555555555,Paraná
423,2021,RJ,1285,RIO DE JANEIRO,8539066.28,3,01/04/2021 00:00:00,22.902777777777775,43.2075,Rio de Janeiro
424,2021,RN,1286,RIO GRANDE DO NORTE,5594567.29,3,01/04/2021 00:00:00,5.795,35.20944444444445,Rio Grande do Norte
425,2021,RO,1287,RONDONIA,8342883.6,3,01/04/2021 00:00:00,8.761944444444444,63.903888888888886,Rondônia
426,2021,RR,1288,RORAIMA,346984.38,3,01/04/2021 00:00:00,2.819722222222222,60.67333333333333,Roraima
427,2021,RS,1289,RIO GRANDE DO SUL,9555917.04,3,01/04/2021 00:00:00,30.033055555555556,51.230000000000004,Rio Grande do Sul
428,2021,SC,1290,SANTA CATARINA,4829941.6,3,01/04/2021 00:00:00,27.596666666666664,48.549166666666665,Santa Catarina
429,2021,SE,1291,SERGIPE,4812199.4,3,01/04/2021 00:00:00,10.911111111111111,37.07166666666667,Sergipe
430,2021,SP,1292,SAO PAULO,23913875.98,3,01/04/2021 00:00:00,23.547500000000003,46.63611111111111,São Paulo
431,2021,TO,1293,TOCANTINS,1960612.0,3,01/04/2021 00:00:00,10.212777777777777,48.36027777777778,Tocantins
